{
  "name": "MKM Lab Backend & Frontend",
  "image": "mcr.microsoft.com/devcontainers/universal:2-linux",
  "features": {
    "ghcr.io/devcontainers/features/node:1": {
      "version": "20"
    },
    "ghcr.io/devcontainers/features/github-cli:1": {}
  },
  "postCreateCommand": "bash ./.devcontainer/post-create.sh",
  "customizations": {
    "vscode": {
      "extensions": [
        "dbaeumer.vscode-eslint",
        "esbenp.prettier-vscode",
        "Vue.volar",
        "GitHub.copilot",
        "ms-vscode.vscode-typescript-next",
        "bradlc.vscode-tailwindcss",
        "formulahendry.auto-rename-tag"
      ]
    }
  },
  "forwardPorts": [5003, 5173, 6006, 4400, 8180, 9199],
  "portsAttributes": {
    "5003": { "label": "Firebase Functions" },
    "5173": { "label": "Frontend Dev" },
    "6006": { "label": "Storybook" },
    "4400": { "label": "Firebase Emulator Hub" },
    "8180": { "label": "Firestore Emulator" },
    "9199": { "label": "Auth Emulator" }
  },
  "remoteEnv": {
    "NODE_ENV": "development"
  }
}
